Trade #,Type,Signal,Date/Time,Price USDT,Contracts,Profit USDT,Profit %,Cum. Profit USDT,Cum. Profit %,Run-up USDT,Run-up %,Drawdown USDT,Drawdown %
218,Exit Long,Open,,,,,,,,,,,
218,Entry Long,Long,2024-02-12 04:00,47905.0,,,,,,,,,
217,Exit Long,Exit,2024-02-07 01:00,42941.6,0.258739,-19.25,-0.17,10310.69,-0.17,145.64,1.31,207.25,1.86
217,Entry Long,Long,2024-02-03 01:00,43016.0,0.258739,-19.25,-0.17,10310.69,-0.17,145.64,1.31,207.25,1.86
216,Exit Long,Exit,2024-02-02 01:00,43016.6,0.258735,18.97,0.17,10329.94,0.17,206.73,1.86,273.35,2.46
216,Entry Long,Long,2024-01-30 16:00,42943.3,0.258735,18.97,0.17,10329.94,0.17,206.73,1.86,273.35,2.46
215,Exit Long,ExitSL=true,2024-01-12 16:00,42785.2,0.259663,-899.32,-7.49,10310.97,-7.49,70.19,0.58,1248.62,10.4
215,Entry Long,Long,2024-01-11 13:00,46248.6,0.259663,-899.32,-7.49,10310.97,-7.49,70.19,0.58,1248.62,10.4
214,Exit Long,Exit,2024-01-11 01:00,46275.1,0.259541,78.41,0.66,11210.29,0.66,444.67,3.73,429.88,3.6
214,Entry Long,Long,2024-01-09 19:00,45973.0,0.259541,78.41,0.66,11210.29,0.66,444.67,3.73,429.88,3.6
213,Exit Long,Exit,2024-01-09 16:00,46112.6,0.258755,624.09,5.52,11131.88,5.52,1104.19,9.76,133.83,1.18
213,Entry Long,Long,2024-01-05 22:00,43700.7,0.258755,624.09,5.52,11131.88,5.52,1104.19,9.76,133.83,1.18
212,Exit Long,Exit,2024-01-04 19:00,43513.6,0.259921,-49.28,-0.43,10507.79,-0.43,269.88,2.38,801.39,7.05
212,Entry Long,Long,2024-01-03 04:00,43703.2,0.259921,-49.28,-0.43,10507.79,-0.43,269.88,2.38,801.39,7.05
211,Exit Long,Exit,2024-01-02 10:00,44968.2,0.252557,690.24,6.47,10557.07,6.47,920.49,8.63,6.36,0.06
211,Entry Long,Long,2023-12-31 22:00,42235.2,0.252557,690.24,6.47,10557.07,6.47,920.49,8.63,6.36,0.06
210,Exit Long,Exit,2023-12-31 16:00,42278.8,0.252296,-95.14,-0.88,9866.83,-0.88,112.25,1.04,341.05,3.17
210,Entry Long,Long,2023-12-28 07:00,42655.9,0.252296,-95.14,-0.88,9866.83,-0.88,112.25,1.04,341.05,3.17
209,Exit Long,Exit,2023-12-27 22:00,43220.4,0.248977,-103.55,-0.95,9961.98,-0.95,100.71,0.93,502.34,4.62
209,Entry Long,Long,2023-12-22 07:00,43636.3,0.248977,-103.55,-0.95,9961.98,-0.95,100.71,0.93,502.34,4.62
208,Exit Long,Exit,2023-12-22 04:00,43753.4,0.248338,35.79,0.33,10065.52,0.33,55.03,0.51,37.55,0.35
208,Entry Long,Long,2023-12-22 01:00,43609.3,0.248338,35.79,0.33,10065.52,0.33,55.03,0.51,37.55,0.35
207,Exit Long,Exit,2023-12-19 13:00,42231.5,0.256438,97.68,0.91,10029.74,0.91,160.66,1.5,10.15,0.09
207,Entry Long,Long,2023-12-19 10:00,41850.6,0.256438,97.68,0.91,10029.74,0.91,160.66,1.5,10.15,0.09
206,Exit Long,Exit,2023-12-19 07:00,42369.3,0.253298,-55.90,-0.52,9932.06,-0.52,227.18,2.11,516.40,4.79
206,Entry Long,Long,2023-12-14 22:00,42590.0,0.253298,-55.90,-0.52,9932.06,-0.52,227.18,2.11,516.40,4.79
205,Exit Long,Exit,2023-12-14 07:00,42654.4,0.252907,355.44,3.41,9987.96,3.41,565.75,5.42,172.48,1.65
205,Entry Long,Long,2023-12-11 16:00,41249.0,0.252907,355.44,3.41,9987.96,3.41,565.75,5.42,172.48,1.65
204,Exit Long,ExitSL=true,2023-12-11 13:00,40861.6,0.255314,-727.95,-6.52,9632.53,-6.52,88.21,0.79,891.15,7.98
204,Entry Long,Long,2023-12-09 16:00,43712.8,0.255314,-727.95,-6.52,9632.53,-6.52,88.21,0.79,891.15,7.98
203,Exit Long,Exit,2023-12-09 01:00,43837.1,0.25459,65.51,0.59,10360.48,0.59,284.99,2.57,191.10,1.72
203,Entry Long,Long,2023-12-07 01:00,43579.8,0.25459,65.51,0.59,10360.48,0.59,284.99,2.57,191.10,1.72
202,Exit Long,Exit,2023-12-05 01:00,41612.3,0.266643,1051.61,10.47,10294.97,10.47,1265.11,12.6,46.18,0.46
202,Entry Long,Long,2023-11-29 13:00,37668.4,0.266643,1051.61,10.47,10294.97,10.47,1265.11,12.6,46.18,0.46
201,Exit Long,Exit,2023-11-29 07:00,37822.5,0.26554,21.03,0.21,9243.36,0.21,187.05,1.87,273.59,2.73
201,Entry Long,Long,2023-11-25 19:00,37743.3,0.26554,21.03,0.21,9243.36,0.21,187.05,1.87,273.59,2.73
200,Exit Long,Exit,2023-11-23 07:00,37205.1,0.26936,9.48,0.09,9222.33,0.09,185.89,1.86,417.48,4.17
200,Entry Long,Long,2023-11-21 04:00,37169.9,0.26936,9.48,0.09,9222.33,0.09,185.89,1.86,417.48,4.17
199,Exit Long,Exit,2023-11-20 01:00,37128.4,0.26968,181.98,1.85,9212.85,1.85,282.19,2.87,18.10,0.18
199,Entry Long,Long,2023-11-19 04:00,36453.6,0.26968,181.98,1.85,9212.85,1.85,282.19,2.87,18.10,0.18
198,Exit Long,Exit,2023-11-18 19:00,36455.9,0.269641,39.04,0.4,9030.87,0.4,145.77,1.49,218.84,2.24
198,Entry Long,Long,2023-11-16 10:00,36311.1,0.269641,39.04,0.4,9030.87,0.4,145.77,1.49,218.84,2.24
197,Exit Long,Exit,2023-11-16 01:00,37300.9,0.262509,88.33,0.91,8991.83,0.91,260.02,2.68,583.93,6.02
197,Entry Long,Long,2023-11-11 01:00,36964.4,0.262509,88.33,0.91,8991.83,0.91,260.02,2.68,583.93,6.02
196,Exit Long,Exit,2023-11-09 13:00,36551.8,0.265473,437.21,4.72,8903.49,4.72,815.67,8.8,101.89,1.1
196,Entry Long,Long,2023-11-05 19:00,34904.9,0.265473,437.21,4.72,8903.49,4.72,815.67,8.8,101.89,1.1
195,Exit Long,Exit,2023-11-05 07:00,34892.3,0.265568,32.13,0.35,8466.28,0.35,144.02,1.56,172.96,1.87
195,Entry Long,Long,2023-11-02 11:00,34771.3,0.265568,32.13,0.35,8466.28,0.35,144.02,1.56,172.96,1.87
194,Exit Long,Exit,2023-11-02 02:00,35318.8,0.261451,252.33,2.81,8434.15,2.81,424.15,4.72,84.37,0.94
194,Entry Long,Long,2023-10-30 20:00,34353.7,0.261451,252.33,2.81,8434.15,2.81,424.15,4.72,84.37,0.94
193,Exit Long,Exit,2023-10-30 14:00,34415.7,0.26098,43.56,0.49,8181.82,0.49,158.47,1.77,48.23,0.54
193,Entry Long,Long,2023-10-29 23:00,34248.8,0.26098,43.56,0.49,8181.82,0.49,158.47,1.77,48.23,0.54
192,Exit Long,Exit,2023-10-28 20:00,34031.5,0.262646,-16.34,-0.18,8138.27,-0.18,106.16,1.19,181.93,2.03
192,Entry Long,Long,2023-10-26 05:00,34093.7,0.262646,-16.34,-0.18,8138.27,-0.18,106.16,1.19,181.93,2.03
191,Exit Long,Exit,2023-10-24 11:00,33789.8,0.265009,1045.25,13.22,8154.60,13.22,1435.79,18.15,34.61,0.44
191,Entry Long,Long,2023-10-22 14:00,29845.6,0.265009,1045.25,13.22,8154.60,13.22,1435.79,18.15,34.61,0.44
190,Exit Long,Exit,2023-10-20 11:00,29514.0,0.267987,313.06,4.12,7109.35,4.12,508.53,6.69,63.24,0.83
190,Entry Long,Long,2023-10-18 05:00,28345.8,0.267987,313.06,4.12,7109.35,4.12,508.53,6.69,63.24,0.83
189,Exit Long,Exit,2023-10-14 05:00,26869.0,0.282715,-173.62,-2.23,6796.29,-2.23,227.02,2.92,267.08,3.44
189,Entry Long,Long,2023-10-05 11:00,27483.1,0.282715,-173.62,-2.23,6796.29,-2.23,227.02,2.92,267.08,3.44
188,Exit Long,Exit,2023-10-04 23:00,27643.3,0.281107,42.03,0.54,6969.91,0.54,111.82,1.45,92.51,1.2
188,Entry Long,Long,2023-10-02 17:00,27493.8,0.281107,42.03,0.54,6969.91,0.54,111.82,1.45,92.51,1.2
187,Exit Long,Exit,2023-09-30 17:00,26962.8,0.286613,9.23,0.12,6927.88,0.12,46.26,0.6,6.62,0.09
187,Entry Long,Long,2023-09-30 02:00,26930.6,0.286613,9.23,0.12,6927.88,0.12,46.26,0.6,6.62,0.09
186,Exit Long,Exit,2023-09-29 08:00,26904.7,0.286888,-34.51,-0.45,6918.65,-0.45,81.85,1.06,294.06,3.79
186,Entry Long,Long,2023-09-19 23:00,27025.0,0.286888,-34.51,-0.45,6918.65,-0.45,81.85,1.06,294.06,3.79
185,Exit Long,Exit,2023-09-18 14:00,26768.0,0.289644,66.85,0.87,6953.16,0.87,252.25,3.28,47.82,0.62
185,Entry Long,Long,2023-09-17 08:00,26537.2,0.289644,66.85,0.87,6953.16,0.87,252.25,3.28,47.82,0.62
184,Exit Long,Exit,2023-07-27 08:00,29349.4,0.261968,-350.75,-4.36,6886.31,-4.36,20.80,0.26,475.71,5.92
184,Entry Long,Long,2023-07-14 11:00,30688.3,0.261968,-350.75,-4.36,6886.31,-4.36,20.80,0.26,475.71,5.92
183,Exit Long,Exit,2023-07-14 02:00,31245.5,0.257223,114.59,1.45,7237.06,1.45,262.34,3.31,282.69,3.57
183,Entry Long,Long,2023-07-04 14:00,30800.0,0.257223,114.59,1.45,7237.06,1.45,262.34,3.31,282.69,3.57
182,Exit Long,Exit,2023-07-03 05:00,30623.4,0.258707,35.78,0.45,7122.47,0.45,80.10,1.02,82.04,1.04
182,Entry Long,Long,2023-07-01 23:00,30485.1,0.258707,35.78,0.45,7122.47,0.45,80.10,1.02,82.04,1.04
181,Exit Long,Exit,2023-07-01 20:00,30544.0,0.258207,118.16,1.52,7086.69,1.52,164.61,2.12,42.60,0.55
181,Entry Long,Long,2023-06-30 08:00,30086.4,0.258207,118.16,1.52,7086.69,1.52,164.61,2.12,42.60,0.55
180,Exit Long,Exit,2023-06-29 14:00,30396.8,0.255571,98.50,1.28,6968.54,1.28,361.15,4.71,42.81,0.56
180,Entry Long,Long,2023-06-23 02:00,30011.4,0.255571,98.50,1.28,6968.54,1.28,361.15,4.71,42.81,0.56
179,Exit Long,Exit,2023-06-02 11:00,27055.0,0.283496,-200.94,-2.55,6870.04,-2.55,22.57,0.29,356.86,4.53
179,Entry Long,Long,2023-05-30 14:00,27763.8,0.283496,-200.94,-2.55,6870.04,-2.55,22.57,0.29,356.86,4.53
178,Exit Long,ExitSL=true,2023-05-11 11:00,26907.3,0.292522,-567.08,-6.72,7070.98,-6.72,85.83,1.02,612.80,7.26
178,Entry Long,Long,2023-05-06 17:00,28845.9,0.292522,-567.08,-6.72,7070.98,-6.72,85.83,1.02,612.80,7.26
177,Exit Long,Exit,2023-05-02 20:00,28507.6,0.296003,-173.28,-2.01,7638.06,-2.01,258.91,3.01,423.55,4.92
177,Entry Long,Long,2023-04-28 08:00,29093.0,0.296003,-173.28,-2.01,7638.06,-2.01,258.91,3.01,423.55,4.92
176,Exit Long,ExitSL=true,2023-04-21 14:00,27269.0,0.315792,-603.92,-6.55,7811.34,-6.55,101.65,1.1,633.95,6.88
176,Entry Long,Long,2023-04-19 02:00,29181.4,0.315792,-603.92,-6.55,7811.34,-6.55,101.65,1.1,633.95,6.88
175,Exit Long,Exit,2023-04-18 23:00,30267.0,0.304464,-34.31,-0.37,8415.27,-0.37,51.24,0.55,389.62,4.21
175,Entry Long,Long,2023-04-14 20:00,30379.7,0.304464,-34.31,-0.37,8415.27,-0.37,51.24,0.55,389.62,4.21
174,Exit Long,Exit,2023-04-14 14:00,30444.0,0.303822,51.35,0.56,8449.58,0.56,71.40,0.78,22.57,0.25
174,Entry Long,Long,2023-04-14 11:00,30275.0,0.303822,51.35,0.56,8449.58,0.56,71.40,0.78,22.57,0.25
173,Exit Long,Exit,2023-04-14 08:00,30597.4,0.300621,195.28,2.17,8398.23,2.17,322.33,3.58,43.44,0.48
173,Entry Long,Long,2023-04-12 14:00,29947.8,0.300621,195.28,2.17,8398.23,2.17,322.33,3.58,43.44,0.48
172,Exit Long,Exit,2023-04-11 20:00,29915.9,0.300941,461.73,5.41,8202.95,5.41,654.00,7.66,343.07,4.02
172,Entry Long,Long,2023-04-02 02:00,28381.6,0.300941,461.73,5.41,8202.95,5.41,654.00,7.66,343.07,4.02
171,Exit Long,Exit,2023-04-01 05:00,28373.3,0.301028,160.06,1.91,7741.22,1.91,295.94,3.53,98.04,1.17
171,Entry Long,Long,2023-03-30 11:00,27841.6,0.301028,160.06,1.91,7741.22,1.91,295.94,3.53,98.04,1.17
170,Exit Long,Exit,2023-03-30 08:00,28427.4,0.294865,429.82,5.4,7581.16,5.41,653.24,8.21,135.55,1.7
170,Entry Long,Long,2023-03-27 08:00,26969.7,0.294865,429.82,5.4,7581.16,5.41,653.24,8.21,135.55,1.7
169,Exit Long,Exit,2023-03-26 23:00,27712.0,0.286906,37.27,0.47,7151.33,0.47,263.06,3.32,171.86,2.17
169,Entry Long,Long,2023-03-24 05:00,27582.1,0.286906,37.27,0.47,7151.33,0.47,263.06,3.32,171.86,2.17
168,Exit Long,Exit,2023-03-24 02:00,28029.2,0.282351,108.59,1.39,7114.06,1.39,343.65,4.4,292.12,3.74
168,Entry Long,Long,2023-03-21 02:00,27644.6,0.282351,108.59,1.39,7114.06,1.39,343.65,4.4,292.12,3.74
167,Exit Long,Exit,2023-03-19 20:00,27433.7,0.284522,106.98,1.39,7005.47,1.39,378.41,4.92,66.41,0.86
167,Entry Long,Long,2023-03-18 23:00,27057.7,0.284522,106.98,1.39,7005.47,1.39,378.41,4.92,66.41,0.86
166,Exit Long,Exit,2023-03-18 20:00,27109.5,0.28399,803.52,11.65,6898.49,11.65,985.47,14.29,44.96,0.65
166,Entry Long,Long,2023-03-15 11:00,24280.1,0.28399,803.52,11.65,6898.49,11.65,985.47,14.29,44.96,0.65
165,Exit Long,Exit,2023-03-06 16:00,22406.0,0.307727,-286.16,-3.98,6094.97,-3.98,204.36,2.85,422.66,5.89
165,Entry Long,Long,2023-02-27 10:00,23335.9,0.307727,-286.16,-3.98,6094.97,-3.98,204.36,2.85,422.66,5.89
164,Exit Long,Exit,2023-02-27 01:00,23358.5,0.30742,45.34,0.64,6381.13,0.64,145.50,2.04,141.38,1.98
164,Entry Long,Long,2023-02-24 13:00,23211.0,0.30742,45.34,0.64,6381.13,0.64,145.50,2.04,141.38,1.98
163,Exit Long,ExitSL=true,2023-02-24 10:00,23064.5,0.309382,-466.92,-6.14,6335.78,-6.14,64.20,0.84,506.33,6.66
163,Entry Long,Long,2023-02-21 04:00,24573.7,0.309382,-466.92,-6.14,6335.78,-6.14,64.20,0.84,506.33,6.66
162,Exit Long,Exit,2023-02-21 01:00,24686.5,0.307971,100.40,1.34,6802.70,1.34,273.32,3.64,164.21,2.19
162,Entry Long,Long,2023-02-19 10:00,24360.5,0.307971,100.40,1.34,6802.70,1.34,273.32,3.64,164.21,2.19
161,Exit Long,Exit,2023-02-18 04:00,24517.6,0.30601,306.32,4.26,6702.30,4.26,458.98,6.38,52.94,0.74
161,Entry Long,Long,2023-02-16 16:00,23516.6,0.30601,306.32,4.26,6702.30,4.26,458.98,6.38,52.94,0.74
160,Exit Long,Exit,2023-02-16 04:00,24565.9,0.292925,854.67,13.48,6395.99,13.48,952.53,15.02,86.68,1.37
160,Entry Long,Long,2023-02-10 19:00,21648.2,0.292925,854.67,13.48,6395.99,13.48,952.53,15.02,86.68,1.37
159,Exit Long,ExitSL=true,2023-02-10 16:00,21625.2,0.293236,-417.13,-6.17,5541.32,-6.17,0,0,471.08,6.97
159,Entry Long,Long,2023-02-08 07:00,23047.7,0.293236,-417.13,-6.17,5541.32,-6.17,0,0,471.08,6.97
158,Exit Long,Exit,2023-02-08 01:00,23206.8,0.291225,-82.80,-1.21,5958.45,-1.21,64.97,0.95,251.24,3.67
158,Entry Long,Long,2023-02-02 16:00,23491.1,0.291225,-82.80,-1.21,5958.45,-1.21,64.97,0.95,251.24,3.67
157,Exit Long,Exit,2023-02-02 07:00,23611.2,0.289746,154.32,2.31,6041.24,2.31,343.46,5.14,167.65,2.51
157,Entry Long,Long,2023-01-30 04:00,23078.6,0.289746,154.32,2.31,6041.24,2.31,343.46,5.14,167.65,2.51
156,Exit Long,Exit,2023-01-30 01:00,23551.8,0.283924,218.31,3.37,5886.92,3.37,332.76,5.14,6.13,0.09
156,Entry Long,Long,2023-01-26 19:00,22782.9,0.283924,218.31,3.37,5886.92,3.37,332.76,5.14,6.13,0.09
155,Exit Long,Exit,2023-01-26 01:00,23000.0,0.281244,104.34,1.64,5668.61,1.64,334.91,5.26,85.50,1.34
155,Entry Long,Long,2023-01-24 16:00,22629.0,0.281244,104.34,1.64,5668.61,1.64,334.91,5.26,85.50,1.34
154,Exit Long,Exit,2023-01-24 04:00,22914.7,0.277727,127.62,2.05,5564.27,2.05,199.91,3.21,37.44,0.6
154,Entry Long,Long,2023-01-22 13:00,22455.2,0.277727,127.62,2.05,5564.27,2.05,199.91,3.21,37.44,0.6
153,Exit Long,Exit,2023-01-20 01:00,20942.6,0.297848,58.14,0.94,5436.66,0.94,265.62,4.3,102.28,1.66
153,Entry Long,Long,2023-01-16 01:00,20747.4,0.297848,58.14,0.94,5436.66,0.94,265.62,4.3,102.28,1.66
152,Exit Long,Exit,2023-01-09 16:00,17181.4,0.359605,91.70,1.51,5378.52,1.51,168.37,2.77,1.76,0.03
152,Entry Long,Long,2023-01-08 10:00,16926.4,0.359605,91.70,1.51,5378.52,1.51,168.37,2.77,1.76,0.03
151,Exit Long,ExitSL=true,2022-12-16 16:00,16631.0,0.365992,-397.43,-6.13,5286.82,-6.13,12.04,0.19,433.30,6.68
151,Entry Long,Long,2022-12-14 19:00,17716.9,0.365992,-397.43,-6.13,5286.82,-6.13,12.04,0.19,433.30,6.68
150,Exit Long,Exit,2022-12-14 13:00,17766.8,0.364945,242.32,3.88,5684.25,3.88,465.16,7.45,83.46,1.34
150,Entry Long,Long,2022-12-11 13:00,17102.8,0.364945,242.32,3.88,5684.25,3.88,465.16,7.45,83.46,1.34
149,Exit Long,Exit,2022-12-11 07:00,17154.7,0.36386,-4.15,-0.07,5441.93,-0.07,21.76,0.35,23.83,0.38
149,Entry Long,Long,2022-12-10 07:00,17166.1,0.36386,-4.15,-0.07,5441.93,-0.07,21.76,0.35,23.83,0.38
148,Exit Long,ExitSL=true,2022-11-07 22:00,19703.4,0.317004,-459.12,-6.85,5446.07,-6.85,50.91,0.76,573.52,8.55
148,Entry Long,Long,2022-11-05 23:00,21151.7,0.317004,-459.12,-6.85,5446.07,-6.85,50.91,0.76,573.52,8.55
147,Exit Long,Exit,2022-11-05 20:00,21238.9,0.315706,157.88,2.41,5905.19,2.41,234.00,3.57,224.09,3.42
147,Entry Long,Long,2022-10-30 08:00,20738.8,0.315706,157.88,2.41,5905.19,2.41,234.00,3.57,224.09,3.42
146,Exit Long,Exit,2022-10-29 20:00,20753.1,0.315485,446.70,7.32,5747.31,7.32,554.12,9.08,31.45,0.52
146,Entry Long,Long,2022-10-24 23:00,19337.2,0.315485,446.70,7.32,5747.31,7.32,554.12,9.08,31.45,0.52
145,Exit Long,Exit,2022-10-12 11:00,19090.7,0.319557,-325.21,-5.06,5300.61,-5.06,48.44,0.75,397.98,6.19
145,Entry Long,Long,2022-10-06 08:00,20108.4,0.319557,-325.21,-5.06,5300.61,-5.06,48.44,0.75,397.98,6.19
144,Exit Long,Exit,2022-10-06 05:00,20242.0,0.317448,114.82,1.82,5625.82,1.82,180.15,2.85,4.86,0.08
144,Entry Long,Long,2022-10-05 08:00,19880.3,0.317448,114.82,1.82,5625.82,1.82,180.15,2.85,4.86,0.08
143,Exit Long,ExitSL=true,2022-08-18 20:00,22815.8,0.276607,-469.29,-6.92,5511.00,-6.92,192.05,2.83,498.00,7.34
143,Entry Long,Long,2022-08-14 08:00,24512.4,0.276607,-469.29,-6.92,5511.00,-6.92,192.05,2.83,498.00,7.34
142,Exit Long,Exit,2022-08-13 05:00,24438.8,0.277439,139.75,2.1,5980.29,2.1,262.49,3.95,96.74,1.46
142,Entry Long,Long,2022-08-11 17:00,23935.1,0.277439,139.75,2.1,5980.29,2.1,262.49,3.95,96.74,1.46
141,Exit Long,Exit,2022-08-11 11:00,24339.5,0.27283,292.56,4.61,5840.55,4.61,446.79,7.04,173.85,2.74
141,Entry Long,Long,2022-08-09 05:00,23267.2,0.27283,292.56,4.61,5840.55,4.61,446.79,7.04,173.85,2.74
140,Exit Long,Exit,2022-08-08 11:00,23961.9,0.264921,267.04,4.39,5547.99,4.39,341.88,5.62,28.06,0.46
140,Entry Long,Long,2022-08-06 17:00,22953.9,0.264921,267.04,4.39,5547.99,4.39,341.88,5.62,28.06,0.46
139,Exit Long,Exit,2022-08-06 02:00,23154.7,0.262623,93.47,1.56,5280.95,1.56,175.48,2.93,109.28,1.83
139,Entry Long,Long,2022-08-04 02:00,22798.8,0.262623,93.47,1.56,5280.95,1.56,175.48,2.93,109.28,1.83
138,Exit Long,Exit,2022-08-03 20:00,23133.3,0.258825,-130.65,-2.14,5187.49,-2.14,143.44,2.34,254.66,4.16
138,Entry Long,Long,2022-07-30 17:00,23638.1,0.258825,-130.65,-2.14,5187.49,-2.14,143.44,2.34,254.66,4.16
137,Exit Long,Exit,2022-07-29 05:00,23716.1,0.257969,454.23,8.02,5318.14,8.02,639.69,11.29,319.73,5.65
137,Entry Long,Long,2022-07-24 20:00,21955.3,0.257969,454.23,8.02,5318.14,8.02,639.69,11.29,319.73,5.65
136,Exit Long,Exit,2022-07-24 17:00,22578.0,0.250859,-28.92,-0.51,4863.91,-0.51,266.09,4.67,187.79,3.3
136,Entry Long,Long,2022-07-20 20:00,22693.3,0.250859,-28.92,-0.51,4863.91,-0.51,266.09,4.67,187.79,3.3
135,Exit Long,Exit,2022-07-19 02:00,21925.3,0.259647,112.25,2.01,4892.83,2.01,379.32,6.8,10.96,0.2
135,Entry Long,Long,2022-07-18 14:00,21493.0,0.259647,112.25,2.01,4892.83,2.01,379.32,6.8,10.96,0.2
134,Exit Long,Exit,2022-07-18 11:00,21877.7,0.2551,245.00,4.59,4780.59,4.59,473.72,8.88,42.53,0.8
134,Entry Long,Long,2022-07-17 11:00,20917.3,0.2551,245.00,4.59,4780.59,4.59,473.72,8.88,42.53,0.8
133,Exit Long,ExitSL=true,2022-04-11 14:00,39835.8,0.133939,-390.79,-6.82,4535.59,-6.82,88.68,1.55,436.11,7.62
133,Entry Long,Long,2022-04-09 17:00,42753.5,0.133939,-390.79,-6.82,4535.59,-6.82,88.68,1.55,436.11,7.62
132,Exit Long,ExitSL=true,2022-04-08 14:00,42812.1,0.133756,-400.53,-6.54,4926.38,-6.54,223.29,3.64,462.70,7.55
132,Entry Long,Long,2022-04-02 17:00,45806.6,0.133756,-400.53,-6.54,4926.38,-6.54,223.29,3.64,462.70,7.55
131,Exit Long,Exit,2022-04-02 11:00,46352.9,0.132179,223.77,3.79,5326.91,3.79,335.47,5.68,10.89,0.18
131,Entry Long,Long,2022-03-31 23:00,44660.0,0.132179,223.77,3.79,5326.91,3.79,335.47,5.68,10.89,0.18
130,Exit Long,ExitSL=true,2022-03-31 20:00,44410.9,0.132921,-401.66,-6.37,5103.15,-6.37,34.96,0.55,425.29,6.75
130,Entry Long,Long,2022-03-29 17:00,47432.7,0.132921,-401.66,-6.37,5103.15,-6.37,34.96,0.55,425.29,6.75
129,Exit Long,Exit,2022-03-28 17:00,47124.2,0.133791,680.49,12.1,5504.81,12.1,823.78,14.65,20.87,0.37
129,Entry Long,Long,2022-03-23 05:00,42038.0,0.133791,680.49,12.1,5504.81,12.1,823.78,14.65,20.87,0.37
128,Exit Long,Exit,2022-03-22 14:00,42587.4,0.132072,132.51,2.41,4824.32,2.41,232.30,4.23,144.76,2.64
128,Entry Long,Long,2022-03-20 05:00,41584.1,0.132072,132.51,2.41,4824.32,2.41,232.30,4.23,144.76,2.64
127,Exit Long,Exit,2022-03-19 20:00,41814.7,0.131337,146.47,2.74,4691.81,2.74,221.53,4.14,72.70,1.36
127,Entry Long,Long,2022-03-17 14:00,40699.5,0.131337,146.47,2.74,4691.81,2.74,221.53,4.14,72.70,1.36
126,Exit Long,ExitSL=true,2022-03-04 10:00,40846.1,0.130865,-379.43,-6.63,4545.35,-6.63,80.55,1.41,435.19,7.6
126,Entry Long,Long,2022-03-02 10:00,43745.5,0.130865,-379.43,-6.63,4545.35,-6.63,80.55,1.41,435.19,7.6
125,Exit Long,ExitSL=true,2022-02-21 04:00,37579.5,0.152337,-446.00,-7.23,4924.78,-7.23,68.92,1.12,480.27,7.78
125,Entry Long,Long,2022-02-17 16:00,40507.2,0.152337,-446.00,-7.23,4924.78,-7.23,68.92,1.12,480.27,7.78
124,Exit Long,ExitSL=true,2022-02-17 13:00,40885.9,0.150984,-485.28,-7.29,5370.77,-7.29,105.81,1.59,504.74,7.58
124,Entry Long,Long,2022-02-10 13:00,44100.0,0.150984,-485.28,-7.29,5370.77,-7.29,105.81,1.59,504.74,7.58
123,Exit Long,Exit,2022-02-09 22:00,43891.6,0.151647,142.35,2.19,5856.05,2.19,280.38,4.3,37.38,0.57
123,Entry Long,Long,2022-02-08 10:00,42952.9,0.151647,142.35,2.19,5856.05,2.19,280.38,4.3,37.38,0.57
122,Exit Long,Exit,2022-02-08 07:00,43577.8,0.149472,340.50,5.52,5713.70,5.52,627.81,10.17,27.19,0.44
122,Entry Long,Long,2022-02-06 07:00,41299.8,0.149472,340.50,5.52,5713.70,5.52,627.81,10.17,27.19,0.44
121,Exit Long,ExitSL=true,2021-11-16 13:00,59726.9,0.103359,-460.63,-6.94,5373.20,-6.94,225.06,3.39,581.50,8.77
121,Entry Long,Long,2021-11-14 10:00,64183.5,0.103359,-460.63,-6.94,5373.20,-6.94,225.06,3.39,581.50,8.77
120,Exit Long,Exit,2021-11-13 16:00,64370.6,0.103056,-253.15,-3.68,5833.83,-3.68,226.83,3.29,470.25,6.83
120,Entry Long,Long,2021-11-09 19:00,66827.0,0.103056,-253.15,-3.68,5833.83,-3.68,226.83,3.29,470.25,6.83
119,Exit Long,Exit,2021-11-08 07:00,65329.3,0.105419,354.76,5.43,6086.98,5.43,471.03,7.21,201.78,3.09
119,Entry Long,Long,2021-11-03 08:00,61964.1,0.105419,354.76,5.43,6086.98,5.43,471.03,7.21,201.78,3.09
118,Exit Long,Exit,2021-11-02 17:00,63221.9,0.103307,195.56,3.09,5732.22,3.09,305.01,4.81,201.21,3.18
118,Entry Long,Long,2021-10-30 02:00,61328.9,0.103307,195.56,3.09,5732.22,3.09,305.01,4.81,201.21,3.18
117,Exit Long,Exit,2021-10-28 17:00,60590.7,0.104581,-140.25,-2.17,5536.66,-2.17,86.73,1.34,430.02,6.64
117,Entry Long,Long,2021-10-26 08:00,61931.8,0.104581,-140.25,-2.17,5536.66,-2.17,86.73,1.34,430.02,6.64
116,Exit Long,Exit,2021-10-25 14:00,62549.1,0.103549,187.73,2.99,5676.92,2.99,308.02,4.9,126.22,2.01
116,Entry Long,Long,2021-10-22 14:00,60736.1,0.103549,187.73,2.99,5676.92,2.99,308.02,4.9,126.22,2.01
115,Exit Long,ExitSL=true,2021-10-22 11:00,60570.2,0.103832,-440.71,-6.55,5489.18,-6.55,80.89,1.2,498.78,7.41
115,Entry Long,Long,2021-10-21 05:00,64814.7,0.103832,-440.71,-6.55,5489.18,-6.55,80.89,1.2,498.78,7.41
114,Exit Long,Exit,2021-10-20 17:00,66007.2,0.101957,552.22,8.94,5929.90,8.94,652.00,10.55,164.56,2.66
114,Entry Long,Long,2021-10-16 11:00,60591.0,0.101957,552.22,8.94,5929.90,8.94,652.00,10.55,164.56,2.66
113,Exit Long,Exit,2021-10-14 05:00,57630.9,0.107193,132.72,2.2,5377.68,2.2,229.08,3.79,268.39,4.44
113,Entry Long,Long,2021-10-12 08:00,56392.8,0.107193,132.72,2.2,5377.68,2.2,229.08,3.79,268.39,4.44
112,Exit Long,Exit,2021-10-11 20:00,56770.6,0.10648,224.35,3.85,5244.96,3.85,338.22,5.81,26.53,0.46
112,Entry Long,Long,2021-10-10 17:00,54663.6,0.10648,224.35,3.85,5244.96,3.85,338.22,5.81,26.53,0.46
111,Exit Long,Exit,2021-10-10 08:00,55122.2,0.105579,50.93,0.88,5020.61,0.88,151.23,2.62,6.98,0.12
111,Entry Long,Long,2021-10-09 20:00,54639.8,0.105579,50.93,0.88,5020.61,0.88,151.23,2.62,6.98,0.12
110,Exit Long,Exit,2021-10-09 14:00,54660.0,0.105555,93.04,1.64,4969.68,1.64,249.11,4.39,17.48,0.31
110,Entry Long,Long,2021-10-07 17:00,53778.6,0.105555,93.04,1.64,4969.68,1.64,249.11,4.39,17.48,0.31
109,Exit Long,Exit,2021-10-06 02:00,50698.3,0.111968,337.95,6.33,4876.64,6.33,471.05,8.82,86.33,1.62
109,Entry Long,Long,2021-10-03 20:00,47680.0,0.111968,337.95,6.33,4876.64,6.33,471.05,8.82,86.33,1.62
108,Exit Long,Exit,2021-09-18 08:00,48471.0,0.110141,79.93,1.52,4538.69,1.52,116.17,2.21,109.56,2.08
108,Entry Long,Long,2021-09-16 20:00,47745.3,0.110141,79.93,1.52,4538.69,1.52,116.17,2.21,109.56,2.08
107,Exit Long,Exit,2021-09-09 17:00,46393.0,0.113352,-75.39,-1.41,4458.76,-1.41,37.85,0.71,300.39,5.63
107,Entry Long,Long,2021-09-07 20:00,47058.1,0.113352,-75.39,-1.41,4458.76,-1.41,37.85,0.71,300.39,5.63
106,Exit Long,ExitSL=true,2021-09-07 08:00,47234.2,0.112929,-446.18,-7.72,4534.15,-7.72,30.58,0.53,450.04,7.79
106,Entry Long,Long,2021-09-07 02:00,51185.2,0.112929,-446.18,-7.72,4534.15,-7.72,30.58,0.53,450.04,7.79
105,Exit Long,Exit,2021-09-06 05:00,51399.0,0.11246,168.26,3,4980.33,3,262.17,4.67,49.70,0.89
105,Entry Long,Long,2021-09-04 17:00,49902.8,0.11246,168.26,3,4980.33,3,262.17,4.67,49.70,0.89
104,Exit Long,Exit,2021-09-02 11:00,49522.7,0.113323,138.07,2.52,4812.07,2.52,235.32,4.3,204.04,3.73
104,Entry Long,Long,2021-08-28 23:00,48304.3,0.113323,138.07,2.52,4812.07,2.52,235.32,4.3,204.04,3.73
103,Exit Long,Exit,2021-08-28 05:00,48673.0,0.112464,-58.31,-1.05,4674.00,-1.05,79.35,1.43,328.00,5.93
103,Entry Long,Long,2021-08-23 20:00,49191.5,0.112464,-58.31,-1.05,4674.00,-1.05,79.35,1.43,328.00,5.93
102,Exit Long,Exit,2021-08-23 08:00,49708.1,0.111295,162.44,3.02,4732.31,3.02,254.04,4.73,23.88,0.44
102,Entry Long,Long,2021-08-22 08:00,48248.6,0.111295,162.44,3.02,4732.31,3.02,254.04,4.73,23.88,0.44
101,Exit Long,Exit,2021-08-21 05:00,48513.6,0.110688,208.85,4.05,4569.87,4.05,309.20,5.99,298.99,5.79
101,Entry Long,Long,2021-08-14 14:00,46626.8,0.110688,208.85,4.05,4569.87,4.05,309.20,5.99,298.99,5.79
100,Exit Long,Exit,2021-08-14 05:00,46575.1,0.110807,163.34,3.27,4361.03,3.27,337.99,6.76,149.70,3
100,Entry Long,Long,2021-08-10 11:00,45101.0,0.110807,163.34,3.27,4361.03,3.27,337.99,6.76,149.70,3
99,Exit Long,Exit,2021-08-10 05:00,45352.5,0.110196,184.66,3.84,4197.69,3.84,333.98,6.94,98.82,2.05
99,Entry Long,Long,2021-08-08 11:00,43676.8,0.110196,184.66,3.84,4197.69,3.84,333.98,6.94,98.82,2.05
98,Exit Long,Exit,2021-08-05 23:00,40547.8,0.118699,244.84,5.36,4013.03,5.36,340.06,7.44,140.17,3.07
98,Entry Long,Long,2021-08-05 02:00,38485.1,0.118699,244.84,5.36,4013.03,5.36,340.06,7.44,140.17,3.07
97,Exit Long,Exit,2021-08-04 23:00,39380.2,0.116001,99.31,2.22,3768.19,2.22,166.50,3.73,118.80,2.66
97,Entry Long,Long,2021-08-03 02:00,38524.1,0.116001,99.31,2.22,3768.19,2.22,166.50,3.73,118.80,2.66
96,Exit Long,ExitSL=true,2021-08-02 23:00,38245.9,0.116846,-360.45,-7.46,3668.88,-7.46,23.11,0.48,400.86,8.3
96,Entry Long,Long,2021-08-01 08:00,41330.7,0.116846,-360.45,-7.46,3668.88,-7.46,23.11,0.48,400.86,8.3
95,Exit Long,Exit,2021-07-31 11:00,41162.0,0.117326,182.48,3.93,4029.33,3.93,330.47,7.11,150.96,3.25
95,Entry Long,Long,2021-07-29 11:00,39606.7,0.117326,182.48,3.93,4029.33,3.93,330.47,7.11,150.96,3.25
94,Exit Long,Exit,2021-07-28 11:00,38955.6,0.11926,290.77,6.68,3846.85,6.67,521.82,11.98,20.57,0.47
94,Entry Long,Long,2021-07-26 20:00,36517.5,0.11926,290.77,6.68,3846.85,6.67,521.82,11.98,20.57,0.47
93,Exit Long,ExitSL=true,2021-06-18 08:00,36675.3,0.118757,-399.93,-8.41,3556.09,-8.41,14.73,0.31,419.68,8.83
93,Entry Long,Long,2021-06-16 02:00,40042.9,0.118757,-399.93,-8.41,3556.09,-8.41,14.73,0.31,419.68,8.83
92,Exit Long,ExitSL=true,2021-05-10 20:00,54587.3,0.087126,-311.02,-6.14,3956.01,-6.14,116.99,2.31,489.57,9.66
92,Entry Long,Long,2021-05-09 02:00,58157.1,0.087126,-311.02,-6.14,3956.01,-6.14,116.99,2.31,489.57,9.66
91,Exit Long,ExitSL=true,2021-04-17 23:00,55491.7,0.091309,-618.07,-10.87,4267.03,-10.87,138.00,2.43,1210.73,21.3
91,Entry Long,Long,2021-04-14 11:00,62260.7,0.091309,-618.07,-10.87,4267.03,-10.87,138.00,2.43,1210.73,21.3
90,Exit Long,Exit,2021-04-14 08:00,62991.1,0.090252,292.48,5.42,4885.10,5.42,459.35,8.52,5.87,0.11
90,Entry Long,Long,2021-04-12 11:00,59750.4,0.090252,292.48,5.42,4885.10,5.42,459.35,8.52,5.87,0.11
89,Exit Long,Exit,2021-04-12 08:00,59899.9,0.090027,29.67,0.55,4592.62,0.55,153.08,2.85,14.60,0.27
89,Entry Long,Long,2021-04-11 08:00,59570.3,0.090027,29.67,0.55,4592.62,0.55,153.08,2.85,14.60,0.27
88,Exit Long,Exit,2021-04-10 17:00,59770.2,0.089726,102.66,1.95,4562.95,1.95,106.86,2.03,10.77,0.2
88,Entry Long,Long,2021-04-10 14:00,58626.0,0.089726,102.66,1.95,4562.95,1.95,106.86,2.03,10.77,0.2
87,Exit Long,Exit,2021-04-09 02:00,57745.4,0.091094,-18.90,-0.36,4460.29,-0.36,65.20,1.23,229.00,4.34
87,Entry Long,Long,2021-04-06 08:00,57952.9,0.091094,-18.90,-0.36,4460.29,-0.36,65.20,1.23,229.00,4.34
86,Exit Long,Exit,2021-04-06 02:00,58491.6,0.090255,-17.27,-0.33,4479.19,-0.33,100.36,1.89,203.11,3.83
86,Entry Long,Long,2021-04-02 14:00,58683.0,0.090255,-17.27,-0.33,4479.19,-0.33,100.36,1.89,203.11,3.83
85,Exit Long,Exit,2021-04-02 11:00,59187.3,0.089486,106.60,2.05,4496.46,2.05,195.36,3.76,63.17,1.22
85,Entry Long,Long,2021-03-31 02:00,57996.0,0.089486,106.60,2.05,4496.46,2.05,195.36,3.76,63.17,1.22
84,Exit Long,Exit,2021-03-29 14:00,57275.8,0.090613,219.26,4.41,4389.86,4.41,321.17,6.46,2.02,0.04
84,Entry Long,Long,2021-03-28 14:00,54856.1,0.090613,219.26,4.41,4389.86,4.41,321.17,6.46,2.02,0.04
83,Exit Long,Exit,2021-03-27 05:00,54442.9,0.091299,11.36,0.23,4170.60,0.23,263.08,5.3,352.73,7.11
83,Entry Long,Long,2021-03-23 02:00,54318.5,0.091299,11.36,0.23,4170.60,0.23,263.08,5.3,352.73,7.11
82,Exit Long,ExitSL=true,2021-03-22 23:00,53529.9,0.092644,-354.12,-6.66,4159.25,-6.66,233.68,4.4,392.75,7.39
82,Entry Long,Long,2021-03-18 20:00,57352.3,0.092644,-354.12,-6.66,4159.25,-6.66,233.68,4.4,392.75,7.39
81,Exit Long,Exit,2021-03-18 05:00,58171.6,0.091339,305.23,6.09,4513.37,6.09,428.09,8.55,62.33,1.24
81,Entry Long,Long,2021-03-17 05:00,54829.9,0.091339,305.23,6.09,4513.37,6.09,428.09,8.55,62.33,1.24
80,Exit Long,Exit,2021-03-16 23:00,55952.9,0.089506,167.64,3.46,4208.14,3.46,274.25,5.67,37.45,0.77
80,Entry Long,Long,2021-03-15 23:00,54080.0,0.089506,167.64,3.46,4208.14,3.46,274.25,5.67,37.45,0.77
79,Exit Long,ExitSL=true,2021-03-15 20:00,54555.1,0.088726,-394.38,-7.53,4040.50,-7.53,144.88,2.77,511.04,9.76
79,Entry Long,Long,2021-03-14 17:00,59000.0,0.088726,-394.38,-7.53,4040.50,-7.53,144.88,2.77,511.04,9.76
78,Exit Long,Exit,2021-03-14 05:00,60302.3,0.08681,330.53,6.74,4434.88,6.74,461.87,9.42,128.57,2.62
78,Entry Long,Long,2021-03-12 04:00,56494.8,0.08681,330.53,6.74,4434.88,6.74,461.87,9.42,128.57,2.62
77,Exit Long,Exit,2021-03-12 01:00,56522.0,0.086769,153.60,3.23,4104.35,3.23,294.86,6.21,27.74,0.58
77,Entry Long,Long,2021-03-11 01:00,54751.8,0.086769,153.60,3.23,4104.35,3.23,294.86,6.21,27.74,0.58
76,Exit Long,Exit,2021-03-07 13:00,50041.5,0.094935,235.64,5.22,3950.76,5.22,361.09,8,40.95,0.91
76,Entry Long,Long,2021-03-06 07:00,47559.4,0.094935,235.64,5.22,3950.76,5.22,361.09,8,40.95,0.91
75,Exit Long,Exit,2021-03-05 22:00,48498.0,0.093098,-108.32,-2.34,3715.12,-2.34,100.05,2.16,323.21,6.99
75,Entry Long,Long,2021-03-03 22:00,49661.5,0.093098,-108.32,-2.34,3715.12,-2.34,100.05,2.16,323.21,6.99
74,Exit Long,Exit,2021-03-03 13:00,50528.4,0.091501,439.84,10.51,3823.44,10.51,631.58,15.1,248.63,5.94
74,Entry Long,Long,2021-02-26 01:00,45721.5,0.091501,439.84,10.51,3823.44,10.51,631.58,15.1,248.63,5.94
73,Exit Long,ExitSL=true,2021-02-25 22:00,45522.7,0.091903,-369.19,-8.11,3383.60,-8.11,48.36,1.06,369.72,8.12
73,Entry Long,Long,2021-02-25 10:00,49539.9,0.091903,-369.19,-8.11,3383.60,-8.11,48.36,1.06,369.72,8.12
72,Exit Long,Exit,2021-02-24 10:00,50037.0,0.090954,317.30,7.49,3752.79,7.49,437.81,10.34,149.93,3.54
72,Entry Long,Long,2021-02-23 01:00,46548.4,0.090954,317.30,7.49,3752.79,7.49,437.81,10.34,149.93,3.54
71,Exit Long,ExitSL=true,2021-02-22 22:00,49968.0,0.084832,-325.70,-7.14,3435.49,-7.14,100.08,2.19,439.57,9.63
71,Entry Long,Long,2021-02-22 13:00,53807.3,0.084832,-325.70,-7.14,3435.49,-7.14,100.08,2.19,439.57,9.63
70,Exit Long,ExitSL=true,2021-02-22 10:00,52087.5,0.087565,-330.46,-6.76,3761.19,-6.76,64.68,1.32,1024.63,20.95
70,Entry Long,Long,2021-02-21 22:00,55861.4,0.087565,-330.46,-6.76,3761.19,-6.76,64.68,1.32,1024.63,20.95
69,Exit Long,Exit,2021-02-20 19:00,56319.6,0.086843,413.24,9.23,4091.65,9.23,526.40,11.76,72.44,1.62
69,Entry Long,Long,2021-02-18 16:00,51561.1,0.086843,413.24,9.23,4091.65,9.23,526.40,11.76,72.44,1.62
68,Exit Long,Exit,2021-02-16 10:00,48231.5,0.092852,72.93,1.66,3678.41,1.66,294.64,6.69,427.54,9.7
68,Entry Long,Long,2021-02-13 01:00,47446.1,0.092852,72.93,1.66,3678.41,1.66,294.64,6.69,427.54,9.7
67,Exit Long,Exit,2021-02-12 01:00,47117.5,0.09352,202.57,4.82,3605.48,4.82,374.77,8.91,118.20,2.81
67,Entry Long,Long,2021-02-10 07:00,44951.4,0.09352,202.57,4.82,3605.48,4.82,374.77,8.91,118.20,2.81
66,Exit Long,Exit,2021-02-09 22:00,46120.3,0.091129,671.01,19,3402.91,19,855.00,24.21,129.00,3.65
66,Entry Long,Long,2021-02-06 19:00,38757.0,0.091129,671.01,19,3402.91,19,855.00,24.21,129.00,3.65
65,Exit Long,Exit,2021-02-06 16:00,39195.4,0.090082,203.50,6.12,2731.90,6.11,362.83,10.9,32.49,0.98
65,Entry Long,Long,2021-02-04 16:00,36936.4,0.090082,203.50,6.12,2731.90,6.11,362.83,10.9,32.49,0.98
64,Exit Long,Exit,2021-02-01 19:00,33648.4,0.098926,-20.51,-0.61,2528.40,-0.61,91.06,2.72,171.62,5.12
64,Entry Long,Long,2021-01-29 19:00,33855.7,0.098926,-20.51,-0.61,2528.40,-0.61,91.06,2.72,171.62,5.12
63,Exit Long,Exit,2021-01-29 13:00,34580.7,0.096871,327.79,10.85,2548.91,10.85,710.09,23.5,226.77,7.5
63,Entry Long,Long,2021-01-21 07:00,31196.9,0.096871,327.79,10.85,2548.91,10.85,710.09,23.5,226.77,7.5
62,Exit Long,ExitSL=true,2021-01-21 04:00,32207.6,0.093803,-249.61,-7.63,2221.12,-7.63,74.33,2.27,266.93,8.16
62,Entry Long,Long,2021-01-20 07:00,34868.6,0.093803,-249.61,-7.63,2221.12,-7.63,74.33,2.27,266.93,8.16
61,Exit Long,ExitSL=true,2021-01-20 04:00,34424.5,0.09505,-237.62,-6.77,2470.73,-6.77,96.04,2.74,296.52,8.45
61,Entry Long,Long,2021-01-15 07:00,36924.5,0.09505,-237.62,-6.77,2470.73,-6.77,96.04,2.74,296.52,8.45
60,Exit Long,Exit,2021-01-14 16:00,39150.6,0.089589,511.98,17.09,2708.35,17.09,597.03,19.93,96.22,3.21
60,Entry Long,Long,2021-01-11 13:00,33435.8,0.089589,511.98,17.09,2708.35,17.09,597.03,19.93,96.22,3.21
59,Exit Long,Exit,2021-01-07 22:00,37972.9,0.078914,594.85,24.77,2196.37,24.77,782.43,32.58,42.87,1.79
59,Entry Long,Long,2021-01-04 22:00,30435.0,0.078914,594.85,24.77,2196.37,24.77,782.43,32.58,42.87,1.79
58,Exit Long,Exit,2020-12-31 07:00,28369.4,0.084662,127.25,5.59,1601.52,5.6,208.84,9.18,82.42,3.62
58,Entry Long,Long,2020-12-28 13:00,26866.4,0.084662,127.25,5.59,1601.52,5.6,208.84,9.18,82.42,3.62
57,Exit Long,Exit,2020-12-27 10:00,26801.2,0.084841,317.42,16.22,1474.27,16.22,454.61,23.24,37.67,1.93
57,Entry Long,Long,2020-12-23 04:00,23059.8,0.084841,317.42,16.22,1474.27,16.22,454.61,23.24,37.67,1.93
56,Exit Long,Exit,2020-12-23 01:00,23502.2,0.083262,2.72,0.14,1156.85,0.14,52.78,2.7,157.58,8.06
56,Entry Long,Long,2020-12-20 16:00,23469.5,0.083262,2.72,0.14,1156.85,0.14,52.78,2.7,157.58,8.06
55,Exit Long,Exit,2020-12-19 19:00,23431.4,0.083397,55.89,2.94,1154.13,2.94,117.22,6.18,2.00,0.11
55,Entry Long,Long,2020-12-18 13:00,22761.2,0.083397,55.89,2.94,1154.13,2.94,117.22,6.18,2.00,0.11
54,Exit Long,Exit,2020-12-17 16:00,22799.8,0.083256,305.36,19.17,1098.24,19.17,392.14,24.62,4.60,0.29
54,Entry Long,Long,2020-12-14 22:00,19132.1,0.083256,305.36,19.17,1098.24,19.17,392.14,24.62,4.60,0.29
53,Exit Long,Exit,2020-12-13 13:00,19158.0,0.083144,75.83,5,792.88,5,96.86,6.38,55.02,3.63
53,Entry Long,Long,2020-12-09 04:00,18246.0,0.083144,75.83,5,792.88,5,96.86,6.38,55.02,3.63
52,Exit Long,ExitSL=true,2020-12-09 01:00,17953.5,0.084498,-101.91,-6.3,717.05,-6.29,11.31,0.7,128.34,7.93
52,Entry Long,Long,2020-12-07 10:00,19159.6,0.084498,-101.91,-6.3,717.05,-6.29,11.31,0.7,128.34,7.93
51,Exit Long,Exit,2020-12-07 07:00,19197.9,0.084311,8.24,0.51,818.96,0.51,12.74,0.79,0.50,0.03
51,Entry Long,Long,2020-12-07 04:00,19100.2,0.084311,8.24,0.51,818.96,0.51,12.74,0.79,0.50,0.03
50,Exit Long,Exit,2020-12-06 04:00,19086.8,0.084389,-9.19,-0.57,810.73,-0.57,21.09,1.3,58.23,3.59
50,Entry Long,Long,2020-12-03 22:00,19195.7,0.084389,-9.19,-0.57,810.73,-0.57,21.09,1.3,58.23,3.59
49,Exit Long,Exit,2020-12-03 19:00,19250.7,0.084148,15.93,0.99,819.92,0.99,45.57,2.84,61.97,3.86
49,Entry Long,Long,2020-12-01 10:00,19061.4,0.084148,15.93,0.99,819.92,0.99,45.57,2.84,61.97,3.86
48,Exit Long,Exit,2020-12-01 07:00,19288.0,0.083148,145.82,10,803.99,10,195.79,13.43,110.66,7.59
48,Entry Long,Long,2020-11-19 01:00,17534.2,0.083148,145.82,10,803.99,10,195.79,13.43,110.66,7.59
47,Exit Long,Exit,2020-11-18 13:00,17644.6,0.08264,122.23,9.15,658.16,9.15,190.46,14.26,38.34,2.87
47,Entry Long,Long,2020-11-13 22:00,16165.5,0.08264,122.23,9.15,658.16,9.15,190.46,14.26,38.34,2.87
46,Exit Long,Exit,2020-11-13 01:00,16258.0,0.082168,97.13,7.84,535.93,7.84,114.74,9.26,21.91,1.77
46,Entry Long,Long,2020-11-09 07:00,15075.9,0.082168,97.13,7.84,535.93,7.84,114.74,9.26,21.91,1.77
45,Exit Long,Exit,2020-11-09 01:00,15395.3,0.08046,7.59,0.62,438.80,0.62,28.08,2.28,76.96,6.25
45,Entry Long,Long,2020-11-07 07:00,15301.0,0.08046,7.59,0.62,438.80,0.62,28.08,2.28,76.96,6.25
44,Exit Long,Exit,2020-11-04 01:00,13645.1,0.09023,-4.79,-0.39,431.21,-0.39,32.70,2.65,45.29,3.66
44,Entry Long,Long,2020-11-01 04:00,13698.2,0.09023,-4.79,-0.39,431.21,-0.39,32.70,2.65,45.29,3.66
43,Exit Long,Exit,2020-10-31 23:00,13696.3,0.090243,67.05,5.74,436.00,5.74,103.48,8.85,16.36,1.4
43,Entry Long,Long,2020-10-25 05:00,12953.3,0.090243,67.05,5.74,436.00,5.74,103.48,8.85,16.36,1.4
42,Exit Long,Exit,2020-10-25 02:00,13018.6,0.08979,21.06,1.83,368.95,1.83,50.81,4.43,0,0
42,Entry Long,Long,2020-10-23 11:00,12784.1,0.08979,21.06,1.83,368.95,1.83,50.81,4.43,0,0
41,Exit Long,Exit,2020-10-18 23:00,11439.9,0.100342,4.97,0.43,347.90,0.43,22.04,1.93,19.11,1.67
41,Entry Long,Long,2020-10-13 08:00,11390.4,0.100342,4.97,0.43,347.90,0.43,22.04,1.93,19.11,1.67
40,Exit Long,Exit,2020-10-12 20:00,11488.1,0.099488,15.98,1.42,342.93,1.42,38.85,3.45,13.98,1.24
40,Entry Long,Long,2020-10-11 14:00,11327.5,0.099488,15.98,1.42,342.93,1.42,38.85,3.45,13.98,1.24
39,Exit Long,Exit,2020-10-08 23:00,10865.1,0.103722,17.58,1.58,326.95,1.58,26.12,2.35,17.69,1.6
39,Entry Long,Long,2020-10-06 05:00,10695.6,0.103722,17.58,1.58,326.95,1.58,26.12,2.35,17.69,1.6
38,Exit Long,ExitSL=true,2020-09-03 08:00,10846.6,0.102279,-88.45,-7.38,309.37,-7.38,3.36,0.28,109.33,9.13
38,Entry Long,Long,2020-09-02 02:00,11711.4,0.102279,-88.45,-7.38,309.37,-7.38,3.36,0.28,109.33,9.13
37,Exit Long,Exit,2020-09-01 20:00,11859.4,0.101001,23.26,1.98,397.82,1.98,42.45,3.61,1.34,0.11
37,Entry Long,Long,2020-08-31 20:00,11629.1,0.101001,23.26,1.98,397.82,1.98,42.45,3.61,1.34,0.11
36,Exit Long,Exit,2020-08-31 17:00,11651.6,0.100806,7.34,0.63,374.56,0.63,20.28,1.74,0.68,0.06
36,Entry Long,Long,2020-08-31 02:00,11578.8,0.100806,7.34,0.63,374.56,0.63,20.28,1.74,0.68,0.06
35,Exit Long,Exit,2020-08-29 05:00,11448.4,0.101955,-22.21,-1.87,367.22,-1.87,0.03,0,59.72,5.02
35,Entry Long,Long,2020-08-24 23:00,11666.2,0.101955,-22.21,-1.87,367.22,-1.87,0.03,0,59.72,5.02
34,Exit Long,Exit,2020-08-24 11:00,11748.3,0.10123,3.18,0.27,389.43,0.27,10.82,0.91,34.21,2.88
34,Entry Long,Long,2020-08-21 05:00,11716.9,0.10123,3.18,0.27,389.43,0.27,10.82,0.91,34.21,2.88
33,Exit Long,Exit,2020-08-20 20:00,11796.6,0.100558,-14.45,-1.2,386.25,-1.2,14.85,1.24,37.89,3.16
33,Entry Long,Long,2020-08-18 08:00,11940.3,0.100558,-14.45,-1.2,386.25,-1.2,14.85,1.24,37.89,3.16
32,Exit Long,Exit,2020-08-18 02:00,12246.6,0.098043,48.43,4.2,400.70,4.2,68.38,5.93,6.63,0.58
32,Entry Long,Long,2020-08-16 05:00,11752.6,0.098043,48.43,4.2,400.70,4.2,68.38,5.93,6.63,0.58
31,Exit Long,Exit,2020-08-14 02:00,11678.9,0.098662,-3.20,-0.28,352.27,-0.28,11.45,0.99,57.62,4.99
31,Entry Long,Long,2020-08-11 02:00,11711.3,0.098662,-3.20,-0.28,352.27,-0.28,11.45,0.99,57.62,4.99
30,Exit Long,Exit,2020-08-10 08:00,11890.1,0.097177,25.12,2.22,355.46,2.22,41.21,3.65,29.79,2.64
30,Entry Long,Long,2020-08-07 08:00,11631.6,0.097177,25.12,2.22,355.46,2.22,41.21,3.65,29.79,2.64
29,Exit Long,Exit,2020-08-06 17:00,11764.4,0.096081,61.94,5.8,330.34,5.8,74.97,7.02,9.55,0.89
29,Entry Long,Long,2020-08-04 05:00,11119.7,0.096081,61.94,5.8,330.34,5.8,74.97,7.02,9.55,0.89
28,Exit Long,Exit,2020-08-03 17:00,11220.7,0.095221,23.39,2.24,268.40,2.24,107.94,10.33,93.04,8.9
28,Entry Long,Long,2020-07-29 20:00,10975.1,0.095221,23.39,2.24,268.40,2.24,107.94,10.33,93.04,8.9
27,Exit Long,Exit,2020-07-28 02:00,10723.3,0.097452,115.30,12.4,245.01,12.4,179.29,19.28,1.41,0.15
27,Entry Long,Long,2020-07-24 17:00,9540.2,0.097452,115.30,12.4,245.01,12.4,179.29,19.28,1.41,0.15
26,Exit Long,Exit,2020-06-28 17:00,9119.1,0.101952,-40.93,-4.22,129.72,-4.22,1.24,0.13,69.77,7.19
26,Entry Long,Long,2020-06-24 02:00,9520.6,0.101952,-40.93,-4.22,129.72,-4.22,1.24,0.13,69.77,7.19
25,Exit Long,Exit,2020-06-16 08:00,9437.6,0.102849,0.88,0.09,170.65,0.09,16.31,1.68,53.32,5.5
25,Entry Long,Long,2020-06-14 05:00,9429.0,0.102849,0.88,0.09,170.65,0.09,16.31,1.68,53.32,5.5
24,Exit Long,Exit,2020-06-14 02:00,9433.6,0.102799,-36.20,-3.6,169.77,-3.6,0.93,0.09,79.64,7.92
24,Entry Long,Long,2020-06-11 05:00,9785.7,0.102799,-36.20,-3.6,169.77,-3.6,0.93,0.09,79.64,7.92
23,Exit Long,Exit,2020-06-11 02:00,9805.9,0.102585,7.95,0.8,205.96,0.8,26.58,2.66,2.91,0.29
23,Entry Long,Long,2020-06-10 05:00,9728.4,0.102585,7.95,0.8,205.96,0.8,26.58,2.66,2.91,0.29
22,Exit Long,Exit,2020-06-10 02:00,9739.4,0.102472,5.87,0.59,198.01,0.59,15.06,1.52,5.73,0.58
22,Entry Long,Long,2020-06-09 02:00,9682.1,0.102472,5.87,0.59,198.01,0.59,15.06,1.52,5.73,0.58
21,Exit Long,Exit,2020-06-08 02:00,9687.8,0.102416,-0.85,-0.09,192.14,-0.09,10.89,1.1,31.76,3.2
21,Entry Long,Long,2020-06-05 05:00,9696.1,0.102416,-0.85,-0.09,192.14,-0.09,10.89,1.1,31.76,3.2
20,Exit Long,Exit,2020-06-04 05:00,9624.4,0.103174,15.60,1.6,192.99,1.6,92.50,9.46,20.75,2.12
20,Entry Long,Long,2020-05-31 08:00,9473.2,0.103174,15.60,1.6,192.99,1.6,92.50,9.46,20.75,2.12
19,Exit Long,Exit,2020-05-31 02:00,9538.0,0.102473,15.70,1.63,177.39,1.63,36.03,3.75,4.74,0.49
19,Entry Long,Long,2020-05-29 20:00,9384.8,0.102473,15.70,1.63,177.39,1.63,36.03,3.75,4.74,0.49
18,Exit Long,Exit,2020-05-29 05:00,9402.6,0.102272,59.89,6.64,161.69,6.64,82.36,9.13,11.82,1.31
18,Entry Long,Long,2020-05-26 08:00,8817.0,0.102272,59.89,6.64,161.69,6.64,82.36,9.13,11.82,1.31
17,Exit Long,Exit,2020-05-26 05:00,8870.0,0.10166,-25.47,-2.75,101.80,-2.75,5.68,0.61,49.09,5.29
17,Entry Long,Long,2020-05-24 05:00,9120.5,0.10166,-25.47,-2.75,101.80,-2.75,5.68,0.61,49.09,5.29
16,Exit Long,Exit,2020-05-23 05:00,9171.9,0.101097,11.81,1.29,127.27,1.29,25.48,2.78,12.09,1.32
16,Entry Long,Long,2020-05-21 14:00,9055.1,0.101097,11.81,1.29,127.27,1.29,25.48,2.78,12.09,1.32
15,Exit Long,ExitSL=true,2020-05-21 11:00,9007.1,0.101636,-62.91,-6.43,115.46,-6.43,27.34,2.79,68.72,7.02
15,Entry Long,Long,2020-05-18 11:00,9626.1,0.101636,-62.91,-6.43,115.46,-6.43,27.34,2.79,68.72,7.02
14,Exit Long,Exit,2020-05-17 17:00,9679.4,0.101076,20.32,2.12,178.37,2.12,40.66,4.24,36.09,3.77
14,Entry Long,Long,2020-05-15 11:00,9478.4,0.101076,20.32,2.12,178.37,2.12,40.66,4.24,36.09,3.77
13,Exit Long,Exit,2020-05-12 17:00,8810.5,0.108737,20.40,2.18,158.05,2.18,58.52,6.24,46.13,4.92
13,Entry Long,Long,2020-05-09 23:00,8622.9,0.108737,20.40,2.18,158.05,2.18,58.52,6.24,46.13,4.92
12,Exit Long,ExitSL=true,2020-05-09 20:00,8662.0,0.108249,-109.99,-10.5,137.66,-10.5,12.42,1.19,181.65,17.34
12,Entry Long,Long,2020-05-09 02:00,9678.1,0.108249,-109.99,-10.5,137.66,-10.5,12.42,1.19,181.65,17.34
11,Exit Long,Exit,2020-05-05 08:00,8881.1,0.11793,13.40,1.3,247.65,1.3,40.12,3.88,29.07,2.81
11,Entry Long,Long,2020-05-03 08:00,8767.5,0.11793,13.40,1.3,247.65,1.3,40.12,3.88,29.07,2.81
10,Exit Long,Exit,2020-05-03 05:00,9046.1,0.114323,48.29,4.9,234.25,4.9,65.32,6.63,0.75,0.08
10,Entry Long,Long,2020-04-30 17:00,8623.7,0.114323,48.29,4.9,234.25,4.9,65.32,6.63,0.75,0.08
9,Exit Long,Exit,2020-04-30 08:00,8824.7,0.111698,127.41,14.85,185.96,14.84,197.92,23.06,1.84,0.21
9,Entry Long,Long,2020-04-28 08:00,7684.0,0.111698,127.41,14.85,185.96,14.84,197.92,23.06,1.84,0.21
8,Exit Long,Exit,2020-04-27 11:00,7660.9,0.112093,14.46,1.71,58.55,1.71,29.27,3.47,4.70,0.56
8,Entry Long,Long,2020-04-25 23:00,7531.9,0.112093,14.46,1.71,58.55,1.71,29.27,3.47,4.70,0.56
7,Exit Long,Exit,2020-04-23 02:00,7079.0,0.119236,-3.41,-0.4,44.09,-0.4,12.32,1.45,42.41,5
7,Entry Long,Long,2020-04-19 08:00,7107.6,0.119236,-3.41,-0.4,44.09,-0.4,12.32,1.45,42.41,5
6,Exit Long,Exit,2020-04-19 02:00,7146.1,0.118597,3.07,0.36,47.50,0.36,6.39,0.76,2.00,0.24
6,Entry Long,Long,2020-04-18 23:00,7120.2,0.118597,3.07,0.36,47.50,0.36,6.39,0.76,2.00,0.24
5,Exit Long,Exit,2020-04-17 11:00,7042.2,0.119926,31.04,3.82,44.43,3.82,48.34,5.94,36.88,4.53
5,Entry Long,Long,2020-04-15 05:00,6783.4,0.119926,31.04,3.82,44.43,3.82,48.34,5.94,36.88,4.53
4,Exit Long,Exit,2020-04-14 17:00,6868.4,0.118466,17.31,2.17,13.39,2.17,29.84,3.75,14.49,1.82
4,Entry Long,Long,2020-04-12 20:00,6722.3,0.118466,17.31,2.17,13.39,2.17,29.84,3.75,14.49,1.82
3,Exit Long,Exit,2020-04-12 17:00,6901.6,0.115322,-24.87,-3.03,-3.92,-3.03,34.90,4.25,43.50,5.3
3,Entry Long,Long,2020-04-07 14:00,7117.3,0.115322,-24.87,-3.03,-3.92,-3.03,34.90,4.25,43.50,5.3
2,Exit Long,ExitSL=true,2020-02-25 19:00,9204.0,0.089216,-56.16,-6.4,20.96,-6.4,59.15,6.74,64.85,7.39
2,Entry Long,Long,2020-02-09 22:00,9833.5,0.089216,-56.16,-6.4,20.96,-6.4,59.15,6.74,64.85,7.39
1,Exit Long,Exit,2020-02-09 07:00,10081.9,0.087,77.12,9.64,77.12,9.64,83.91,10.49,1.37,0.17
1,Entry Long,Long,2020-02-04 16:00,9195.5,0.087,77.12,9.64,77.12,9.64,83.91,10.49,1.37,0.17